Model,Accuracy,Precision,Recall,F1,ROC AUC
Decision Tree,0.51,0.5104081632653061,0.51,0.51,0.5102040816326531
Random Forest,0.52,0.5202,0.52,0.5200480048004801,0.524109643857543
Logistic Regression,0.47,0.4648090277777777,0.4699999999999999,0.45942710997442454,0.49129651860744294
SVM,0.44,0.437183908045977,0.44,0.43644318983768526,0.46188475390156064
Naive Bayes,0.485,0.48076973468719286,0.485,0.4739583493429647,0.4749899959983993
KNN,0.51,0.51,0.51,0.51,0.5135554221688676
XGBoost,0.505,0.5055079571614453,0.505,0.5049381234530863,0.5173069227691076
Gradient Boosting,0.505,0.5035866543095459,0.505,0.5014410050707636,0.478641456582633
